epoch,stage,train_loss,val_loss,val_accuracy,val_macro_f1,val_macro_precision,val_macro_recall
1,1,0.7923,0.5993,0.7321,0.568,0.5143,0.6508
2,1,0.4953,0.7227,0.75,0.5833,0.5333,0.6667
3,1,0.4831,1.2245,0.7321,0.568,0.5143,0.6508
4,1,0.397,1.1134,0.6429,0.5369,0.8374,0.5794
5,1,0.45,0.6313,0.75,0.6169,0.8535,0.6746
6,2,0.3581,0.5885,0.75,0.6451,0.842,0.6825
7,2,0.3398,0.6752,0.7321,0.6016,0.8356,0.6587
8,2,0.2595,0.7516,0.7321,0.6016,0.8356,0.6587
9,2,0.356,0.6913,0.7321,0.6016,0.8356,0.6587
10,2,0.2427,0.6458,0.7321,0.6062,0.6828,0.6587
11,2,0.2707,0.5231,0.75,0.6476,0.7447,0.6825
12,2,0.2305,0.4739,0.7321,0.6062,0.6828,0.6587
13,2,0.2591,0.4791,0.7321,0.6062,0.6828,0.6587
14,2,0.2388,0.4614,0.75,0.6708,0.7251,0.6905
15,2,0.223,0.4381,0.75,0.6708,0.7251,0.6905
